{
  "project_info": {
    "project_number": "1074410740358",
    "project_id": "project-cb45d",
    "storage_bucket": "project-cb45d.firebasestorage.app"
  },
  "client": [
    {
      "client_info": {
        "mobilesdk_app_id": "1:1074410740358:android:c437f73f89ef7b4c59cf07",
        "android_client_info": {
          "package_name": "com.example.project"
        }
      },
      "oauth_client": [],
      "api_key": [
        {
          "current_key": "AIzaSyDEAdycVz4-6CrsbbMlsWUfReehUC5ZHEc"
        }
      ],
      "services": {
        "appinvite_service": {
          "other_platform_oauth_client": []
        }
      }
    }
  ],
  "configuration_version": "1"
}